<?xml version="1.0" encoding="UTF-8" ?>
<!DOCTYPE mapper PUBLIC "-//mybatis.org//DTD Mapper 3.0//EN" "http://mybatis.org/dtd/mybatis-3-mapper.dtd" >
<mapper namespace="com.mapper.CarInsuranceMapper" >
  <resultMap id="BaseResultMap" type="com.entity.CarInsurance" >
    <id column="id" property="id" jdbcType="INTEGER" />
    <result column="username" property="username" jdbcType="VARCHAR" />
    <result column="name" property="name" jdbcType="VARCHAR" />
    <result column="drive_license" property="driveLicense" jdbcType="VARCHAR" />
    <result column="id_card" property="idCard" jdbcType="INTEGER" />
    <result column="license_plate" property="licensePlate" jdbcType="VARCHAR" />
    <result column="order_creatime" property="orderCreatime" jdbcType="TIMESTAMP" />
    <result column="order_endtime" property="orderEndtime" jdbcType="TIMESTAMP" />
    <result column="insurance_creatime" property="insuranceCreatime" jdbcType="TIMESTAMP" />
    <result column="insurance_endtime" property="insuranceEndtime" jdbcType="TIMESTAMP" />
    <result column="status" property="status" jdbcType="INTEGER" />
  </resultMap>
  <sql id="Example_Where_Clause" >
    <where >
      <foreach collection="oredCriteria" item="criteria" separator="or" >
        <if test="criteria.valid" >
          <trim prefix="(" suffix=")" prefixOverrides="and" >
            <foreach collection="criteria.criteria" item="criterion" >
              <choose >
                <when test="criterion.noValue" >
                  and ${criterion.condition}
                </when>
                <when test="criterion.singleValue" >
                  and ${criterion.condition} #{criterion.value}
                </when>
                <when test="criterion.betweenValue" >
                  and ${criterion.condition} #{criterion.value} and #{criterion.secondValue}
                </when>
                <when test="criterion.listValue" >
                  and ${criterion.condition}
                  <foreach collection="criterion.value" item="listItem" open="(" close=")" separator="," >
                    #{listItem}
                  </foreach>
                </when>
              </choose>
            </foreach>
          </trim>
        </if>
      </foreach>
    </where>
  </sql>
  <sql id="Update_By_Example_Where_Clause" >
    <where >
      <foreach collection="example.oredCriteria" item="criteria" separator="or" >
        <if test="criteria.valid" >
          <trim prefix="(" suffix=")" prefixOverrides="and" >
            <foreach collection="criteria.criteria" item="criterion" >
              <choose >
                <when test="criterion.noValue" >
                  and ${criterion.condition}
                </when>
                <when test="criterion.singleValue" >
                  and ${criterion.condition} #{criterion.value}
                </when>
                <when test="criterion.betweenValue" >
                  and ${criterion.condition} #{criterion.value} and #{criterion.secondValue}
                </when>
                <when test="criterion.listValue" >
                  and ${criterion.condition}
                  <foreach collection="criterion.value" item="listItem" open="(" close=")" separator="," >
                    #{listItem}
                  </foreach>
                </when>
              </choose>
            </foreach>
          </trim>
        </if>
      </foreach>
    </where>
  </sql>
  <sql id="Base_Column_List" >
    id, username, name, drive_license, id_card, license_plate, order_creatime, order_endtime, 
    insurance_creatime, insurance_endtime, status
  </sql>
  <select id="selectByExample" resultMap="BaseResultMap" parameterType="com.entity.CarInsuranceExample" >
    select
    <if test="distinct" >
      distinct
    </if>
    <include refid="Base_Column_List" />
    from car_insurance
    <if test="_parameter != null" >
      <include refid="Example_Where_Clause" />
    </if>
    <if test="orderByClause != null" >
      order by ${orderByClause}
    </if>
  </select>
  <select id="selectByPrimaryKey" resultMap="BaseResultMap" parameterType="java.lang.Integer" >
    select 
    <include refid="Base_Column_List" />
    from car_insurance
    where id = #{id,jdbcType=INTEGER}
  </select>
  <delete id="deleteByPrimaryKey" parameterType="java.lang.Integer" >
    delete from car_insurance
    where id = #{id,jdbcType=INTEGER}
  </delete>
  <delete id="deleteByExample" parameterType="com.entity.CarInsuranceExample" >
    delete from car_insurance
    <if test="_parameter != null" >
      <include refid="Example_Where_Clause" />
    </if>
  </delete>
  <insert id="insert" parameterType="com.entity.CarInsurance" >
    insert into car_insurance (id, username, name, 
      drive_license, id_card, license_plate, 
      order_creatime, order_endtime, insurance_creatime, 
      insurance_endtime, status)
    values (#{id,jdbcType=INTEGER}, #{username,jdbcType=VARCHAR}, #{name,jdbcType=VARCHAR}, 
      #{driveLicense,jdbcType=VARCHAR}, #{idCard,jdbcType=INTEGER}, #{licensePlate,jdbcType=VARCHAR}, 
      #{orderCreatime,jdbcType=TIMESTAMP}, #{orderEndtime,jdbcType=TIMESTAMP}, #{insuranceCreatime,jdbcType=TIMESTAMP}, 
      #{insuranceEndtime,jdbcType=TIMESTAMP}, #{status,jdbcType=INTEGER})
  </insert>
  <insert id="insertSelective" parameterType="com.entity.CarInsurance" >
    insert into car_insurance
    <trim prefix="(" suffix=")" suffixOverrides="," >
      <if test="id != null" >
        id,
      </if>
      <if test="username != null" >
        username,
      </if>
      <if test="name != null" >
        name,
      </if>
      <if test="driveLicense != null" >
        drive_license,
      </if>
      <if test="idCard != null" >
        id_card,
      </if>
      <if test="licensePlate != null" >
        license_plate,
      </if>
      <if test="orderCreatime != null" >
        order_creatime,
      </if>
      <if test="orderEndtime != null" >
        order_endtime,
      </if>
      <if test="insuranceCreatime != null" >
        insurance_creatime,
      </if>
      <if test="insuranceEndtime != null" >
        insurance_endtime,
      </if>
      <if test="status != null" >
        status,
      </if>
    </trim>
    <trim prefix="values (" suffix=")" suffixOverrides="," >
      <if test="id != null" >
        #{id,jdbcType=INTEGER},
      </if>
      <if test="username != null" >
        #{username,jdbcType=VARCHAR},
      </if>
      <if test="name != null" >
        #{name,jdbcType=VARCHAR},
      </if>
      <if test="driveLicense != null" >
        #{driveLicense,jdbcType=VARCHAR},
      </if>
      <if test="idCard != null" >
        #{idCard,jdbcType=INTEGER},
      </if>
      <if test="licensePlate != null" >
        #{licensePlate,jdbcType=VARCHAR},
      </if>
      <if test="orderCreatime != null" >
        #{orderCreatime,jdbcType=TIMESTAMP},
      </if>
      <if test="orderEndtime != null" >
        #{orderEndtime,jdbcType=TIMESTAMP},
      </if>
      <if test="insuranceCreatime != null" >
        #{insuranceCreatime,jdbcType=TIMESTAMP},
      </if>
      <if test="insuranceEndtime != null" >
        #{insuranceEndtime,jdbcType=TIMESTAMP},
      </if>
      <if test="status != null" >
        #{status,jdbcType=INTEGER},
      </if>
    </trim>
  </insert>
  <select id="countByExample" parameterType="com.entity.CarInsuranceExample" resultType="java.lang.Integer" >
    select count(*) from car_insurance
    <if test="_parameter != null" >
      <include refid="Example_Where_Clause" />
    </if>
  </select>
  <update id="updateByExampleSelective" parameterType="map" >
    update car_insurance
    <set >
      <if test="record.id != null" >
        id = #{record.id,jdbcType=INTEGER},
      </if>
      <if test="record.username != null" >
        username = #{record.username,jdbcType=VARCHAR},
      </if>
      <if test="record.name != null" >
        name = #{record.name,jdbcType=VARCHAR},
      </if>
      <if test="record.driveLicense != null" >
        drive_license = #{record.driveLicense,jdbcType=VARCHAR},
      </if>
      <if test="record.idCard != null" >
        id_card = #{record.idCard,jdbcType=INTEGER},
      </if>
      <if test="record.licensePlate != null" >
        license_plate = #{record.licensePlate,jdbcType=VARCHAR},
      </if>
      <if test="record.orderCreatime != null" >
        order_creatime = #{record.orderCreatime,jdbcType=TIMESTAMP},
      </if>
      <if test="record.orderEndtime != null" >
        order_endtime = #{record.orderEndtime,jdbcType=TIMESTAMP},
      </if>
      <if test="record.insuranceCreatime != null" >
        insurance_creatime = #{record.insuranceCreatime,jdbcType=TIMESTAMP},
      </if>
      <if test="record.insuranceEndtime != null" >
        insurance_endtime = #{record.insuranceEndtime,jdbcType=TIMESTAMP},
      </if>
      <if test="record.status != null" >
        status = #{record.status,jdbcType=INTEGER},
      </if>
    </set>
    <if test="_parameter != null" >
      <include refid="Update_By_Example_Where_Clause" />
    </if>
  </update>
  <update id="updateByExample" parameterType="map" >
    update car_insurance
    set id = #{record.id,jdbcType=INTEGER},
      username = #{record.username,jdbcType=VARCHAR},
      name = #{record.name,jdbcType=VARCHAR},
      drive_license = #{record.driveLicense,jdbcType=VARCHAR},
      id_card = #{record.idCard,jdbcType=INTEGER},
      license_plate = #{record.licensePlate,jdbcType=VARCHAR},
      order_creatime = #{record.orderCreatime,jdbcType=TIMESTAMP},
      order_endtime = #{record.orderEndtime,jdbcType=TIMESTAMP},
      insurance_creatime = #{record.insuranceCreatime,jdbcType=TIMESTAMP},
      insurance_endtime = #{record.insuranceEndtime,jdbcType=TIMESTAMP},
      status = #{record.status,jdbcType=INTEGER}
    <if test="_parameter != null" >
      <include refid="Update_By_Example_Where_Clause" />
    </if>
  </update>
  <update id="updateByPrimaryKeySelective" parameterType="com.entity.CarInsurance" >
    update car_insurance
    <set >
      <if test="username != null" >
        username = #{username,jdbcType=VARCHAR},
      </if>
      <if test="name != null" >
        name = #{name,jdbcType=VARCHAR},
      </if>
      <if test="driveLicense != null" >
        drive_license = #{driveLicense,jdbcType=VARCHAR},
      </if>
      <if test="idCard != null" >
        id_card = #{idCard,jdbcType=INTEGER},
      </if>
      <if test="licensePlate != null" >
        license_plate = #{licensePlate,jdbcType=VARCHAR},
      </if>
      <if test="orderCreatime != null" >
        order_creatime = #{orderCreatime,jdbcType=TIMESTAMP},
      </if>
      <if test="orderEndtime != null" >
        order_endtime = #{orderEndtime,jdbcType=TIMESTAMP},
      </if>
      <if test="insuranceCreatime != null" >
        insurance_creatime = #{insuranceCreatime,jdbcType=TIMESTAMP},
      </if>
      <if test="insuranceEndtime != null" >
        insurance_endtime = #{insuranceEndtime,jdbcType=TIMESTAMP},
      </if>
      <if test="status != null" >
        status = #{status,jdbcType=INTEGER},
      </if>
    </set>
    where id = #{id,jdbcType=INTEGER}
  </update>
  <update id="updateByPrimaryKey" parameterType="com.entity.CarInsurance" >
    update car_insurance
    set username = #{username,jdbcType=VARCHAR},
      name = #{name,jdbcType=VARCHAR},
      drive_license = #{driveLicense,jdbcType=VARCHAR},
      id_card = #{idCard,jdbcType=INTEGER},
      license_plate = #{licensePlate,jdbcType=VARCHAR},
      order_creatime = #{orderCreatime,jdbcType=TIMESTAMP},
      order_endtime = #{orderEndtime,jdbcType=TIMESTAMP},
      insurance_creatime = #{insuranceCreatime,jdbcType=TIMESTAMP},
      insurance_endtime = #{insuranceEndtime,jdbcType=TIMESTAMP},
      status = #{status,jdbcType=INTEGER}
    where id = #{id,jdbcType=INTEGER}
  </update>
  <update id="updateCar" parameterType="com.entity.CarInsurance">
    UPDATE car_insurance SET STATUS=#{status}  WHERE id=#{id}
  </update>
</mapper>