<?xml version="1.0" encoding="UTF-8" ?>
<!DOCTYPE mapper PUBLIC "-//mybatis.org//DTD Mapper 3.0//EN" "http://mybatis.org/dtd/mybatis-3-mapper.dtd" >
<mapper namespace="com.mapper.CustomerMapper" >
  <resultMap id="BaseResultMap" type="com.entity.Customer" >
    <id column="id" property="id" jdbcType="INTEGER" />
    <result column="creatime" property="creatime" jdbcType="TIMESTAMP" />
    <result column="mobile" property="mobile" jdbcType="VARCHAR" />
    <result column="password" property="password" jdbcType="VARCHAR" />
    <result column="enable" property="enable" jdbcType="BIT" />
    <result column="id_card_auth" property="idCardAuth" jdbcType="BIT" />
    <result column="real_name" property="realName" jdbcType="VARCHAR" />
    <result column="sex" property="sex" jdbcType="BIT" />
    <result column="id_card" property="idCard" jdbcType="VARCHAR" />
    <result column="driving_license_card" property="drivingLicenseCard" jdbcType="VARCHAR" />
    <result column="id_card_add" property="idCardAdd" jdbcType="VARCHAR" />
    <result column="driving_license_add" property="drivingLicenseAdd" jdbcType="VARCHAR" />
    <result column="driving_license_type" property="drivingLicenseType" jdbcType="BIT" />
    <result column="username" property="username" jdbcType="VARCHAR" />
  </resultMap>
  <sql id="Example_Where_Clause" >
    <where >
      <foreach collection="oredCriteria" item="criteria" separator="or" >
        <if test="criteria.valid" >
          <trim prefix="(" suffix=")" prefixOverrides="and" >
            <foreach collection="criteria.criteria" item="criterion" >
              <choose >
                <when test="criterion.noValue" >
                  and ${criterion.condition}
                </when>
                <when test="criterion.singleValue" >
                  and ${criterion.condition} #{criterion.value}
                </when>
                <when test="criterion.betweenValue" >
                  and ${criterion.condition} #{criterion.value} and #{criterion.secondValue}
                </when>
                <when test="criterion.listValue" >
                  and ${criterion.condition}
                  <foreach collection="criterion.value" item="listItem" open="(" close=")" separator="," >
                    #{listItem}
                  </foreach>
                </when>
              </choose>
            </foreach>
          </trim>
        </if>
      </foreach>
    </where>
  </sql>
  <sql id="Update_By_Example_Where_Clause" >
    <where >
      <foreach collection="example.oredCriteria" item="criteria" separator="or" >
        <if test="criteria.valid" >
          <trim prefix="(" suffix=")" prefixOverrides="and" >
            <foreach collection="criteria.criteria" item="criterion" >
              <choose >
                <when test="criterion.noValue" >
                  and ${criterion.condition}
                </when>
                <when test="criterion.singleValue" >
                  and ${criterion.condition} #{criterion.value}
                </when>
                <when test="criterion.betweenValue" >
                  and ${criterion.condition} #{criterion.value} and #{criterion.secondValue}
                </when>
                <when test="criterion.listValue" >
                  and ${criterion.condition}
                  <foreach collection="criterion.value" item="listItem" open="(" close=")" separator="," >
                    #{listItem}
                  </foreach>
                </when>
              </choose>
            </foreach>
          </trim>
        </if>
      </foreach>
    </where>
  </sql>
  <sql id="Base_Column_List" >
    id, creatime, mobile, password, enable, id_card_auth, real_name, sex, id_card, driving_license_card, 
    id_card_add, driving_license_add, driving_license_type, username
  </sql>
  <select id="selectByExample" resultMap="BaseResultMap" parameterType="com.entity.CustomerExample" >
    select
    <if test="distinct" >
      distinct
    </if>
    <include refid="Base_Column_List" />
    from customer
    <if test="_parameter != null" >
      <include refid="Example_Where_Clause" />
    </if>
    <if test="orderByClause != null" >
      order by ${orderByClause}
    </if>
  </select>
  <select id="selectByPrimaryKey" resultMap="BaseResultMap" parameterType="java.lang.Integer" >
    select 
    <include refid="Base_Column_List" />
    from customer
    where id = #{id,jdbcType=INTEGER}
  </select>
  <delete id="deleteByPrimaryKey" parameterType="java.lang.Integer" >
    delete from customer
    where id = #{id,jdbcType=INTEGER}
  </delete>
  <delete id="deleteByExample" parameterType="com.entity.CustomerExample" >
    delete from customer
    <if test="_parameter != null" >
      <include refid="Example_Where_Clause" />
    </if>
  </delete>
  <insert id="insert" parameterType="com.entity.Customer" >
    insert into customer (id, creatime, mobile, 
      password, enable, id_card_auth, 
      real_name, sex, id_card, 
      driving_license_card, id_card_add, driving_license_add, 
      driving_license_type, username)
    values (#{id,jdbcType=INTEGER}, #{creatime,jdbcType=TIMESTAMP}, #{mobile,jdbcType=VARCHAR}, 
      #{password,jdbcType=VARCHAR}, #{enable,jdbcType=BIT}, #{idCardAuth,jdbcType=BIT}, 
      #{realName,jdbcType=VARCHAR}, #{sex,jdbcType=BIT}, #{idCard,jdbcType=VARCHAR}, 
      #{drivingLicenseCard,jdbcType=VARCHAR}, #{idCardAdd,jdbcType=VARCHAR}, #{drivingLicenseAdd,jdbcType=VARCHAR}, 
      #{drivingLicenseType,jdbcType=BIT}, #{username,jdbcType=VARCHAR})
  </insert>
  <insert id="insertSelective" parameterType="com.entity.Customer" >
    insert into customer
    <trim prefix="(" suffix=")" suffixOverrides="," >
      <if test="id != null" >
        id,
      </if>
      <if test="creatime != null" >
        creatime,
      </if>
      <if test="mobile != null" >
        mobile,
      </if>
      <if test="password != null" >
        password,
      </if>
      <if test="enable != null" >
        enable,
      </if>
      <if test="idCardAuth != null" >
        id_card_auth,
      </if>
      <if test="realName != null" >
        real_name,
      </if>
      <if test="sex != null" >
        sex,
      </if>
      <if test="idCard != null" >
        id_card,
      </if>
      <if test="drivingLicenseCard != null" >
        driving_license_card,
      </if>
      <if test="idCardAdd != null" >
        id_card_add,
      </if>
      <if test="drivingLicenseAdd != null" >
        driving_license_add,
      </if>
      <if test="drivingLicenseType != null" >
        driving_license_type,
      </if>
      <if test="username != null" >
        username,
      </if>
    </trim>
    <trim prefix="values (" suffix=")" suffixOverrides="," >
      <if test="id != null" >
        #{id,jdbcType=INTEGER},
      </if>
      <if test="creatime != null" >
        #{creatime,jdbcType=TIMESTAMP},
      </if>
      <if test="mobile != null" >
        #{mobile,jdbcType=VARCHAR},
      </if>
      <if test="password != null" >
        #{password,jdbcType=VARCHAR},
      </if>
      <if test="enable != null" >
        #{enable,jdbcType=BIT},
      </if>
      <if test="idCardAuth != null" >
        #{idCardAuth,jdbcType=BIT},
      </if>
      <if test="realName != null" >
        #{realName,jdbcType=VARCHAR},
      </if>
      <if test="sex != null" >
        #{sex,jdbcType=BIT},
      </if>
      <if test="idCard != null" >
        #{idCard,jdbcType=VARCHAR},
      </if>
      <if test="drivingLicenseCard != null" >
        #{drivingLicenseCard,jdbcType=VARCHAR},
      </if>
      <if test="idCardAdd != null" >
        #{idCardAdd,jdbcType=VARCHAR},
      </if>
      <if test="drivingLicenseAdd != null" >
        #{drivingLicenseAdd,jdbcType=VARCHAR},
      </if>
      <if test="drivingLicenseType != null" >
        #{drivingLicenseType,jdbcType=BIT},
      </if>
      <if test="username != null" >
        #{username,jdbcType=VARCHAR},
      </if>
    </trim>
  </insert>
  <select id="countByExample" parameterType="com.entity.CustomerExample" resultType="java.lang.Integer" >
    select count(*) from customer
    <if test="_parameter != null" >
      <include refid="Example_Where_Clause" />
    </if>
  </select>
  <update id="updateByExampleSelective" parameterType="map" >
    update customer
    <set >
      <if test="record.id != null" >
        id = #{record.id,jdbcType=INTEGER},
      </if>
      <if test="record.creatime != null" >
        creatime = #{record.creatime,jdbcType=TIMESTAMP},
      </if>
      <if test="record.mobile != null" >
        mobile = #{record.mobile,jdbcType=VARCHAR},
      </if>
      <if test="record.password != null" >
        password = #{record.password,jdbcType=VARCHAR},
      </if>
      <if test="record.enable != null" >
        enable = #{record.enable,jdbcType=BIT},
      </if>
      <if test="record.idCardAuth != null" >
        id_card_auth = #{record.idCardAuth,jdbcType=BIT},
      </if>
      <if test="record.realName != null" >
        real_name = #{record.realName,jdbcType=VARCHAR},
      </if>
      <if test="record.sex != null" >
        sex = #{record.sex,jdbcType=BIT},
      </if>
      <if test="record.idCard != null" >
        id_card = #{record.idCard,jdbcType=VARCHAR},
      </if>
      <if test="record.drivingLicenseCard != null" >
        driving_license_card = #{record.drivingLicenseCard,jdbcType=VARCHAR},
      </if>
      <if test="record.idCardAdd != null" >
        id_card_add = #{record.idCardAdd,jdbcType=VARCHAR},
      </if>
      <if test="record.drivingLicenseAdd != null" >
        driving_license_add = #{record.drivingLicenseAdd,jdbcType=VARCHAR},
      </if>
      <if test="record.drivingLicenseType != null" >
        driving_license_type = #{record.drivingLicenseType,jdbcType=BIT},
      </if>
      <if test="record.username != null" >
        username = #{record.username,jdbcType=VARCHAR},
      </if>
    </set>
    <if test="_parameter != null" >
      <include refid="Update_By_Example_Where_Clause" />
    </if>
  </update>
  <update id="updateByExample" parameterType="map" >
    update customer
    set id = #{record.id,jdbcType=INTEGER},
      creatime = #{record.creatime,jdbcType=TIMESTAMP},
      mobile = #{record.mobile,jdbcType=VARCHAR},
      password = #{record.password,jdbcType=VARCHAR},
      enable = #{record.enable,jdbcType=BIT},
      id_card_auth = #{record.idCardAuth,jdbcType=BIT},
      real_name = #{record.realName,jdbcType=VARCHAR},
      sex = #{record.sex,jdbcType=BIT},
      id_card = #{record.idCard,jdbcType=VARCHAR},
      driving_license_card = #{record.drivingLicenseCard,jdbcType=VARCHAR},
      id_card_add = #{record.idCardAdd,jdbcType=VARCHAR},
      driving_license_add = #{record.drivingLicenseAdd,jdbcType=VARCHAR},
      driving_license_type = #{record.drivingLicenseType,jdbcType=BIT},
      username = #{record.username,jdbcType=VARCHAR}
    <if test="_parameter != null" >
      <include refid="Update_By_Example_Where_Clause" />
    </if>
  </update>
  <update id="updateByPrimaryKeySelective" parameterType="com.entity.Customer" >
    update customer
    <set >
      <if test="creatime != null" >
        creatime = #{creatime,jdbcType=TIMESTAMP},
      </if>
      <if test="mobile != null" >
        mobile = #{mobile,jdbcType=VARCHAR},
      </if>
      <if test="password != null" >
        password = #{password,jdbcType=VARCHAR},
      </if>
      <if test="enable != null" >
        enable = #{enable,jdbcType=BIT},
      </if>
      <if test="idCardAuth != null" >
        id_card_auth = #{idCardAuth,jdbcType=BIT},
      </if>
      <if test="realName != null" >
        real_name = #{realName,jdbcType=VARCHAR},
      </if>
      <if test="sex != null" >
        sex = #{sex,jdbcType=BIT},
      </if>
      <if test="idCard != null" >
        id_card = #{idCard,jdbcType=VARCHAR},
      </if>
      <if test="drivingLicenseCard != null" >
        driving_license_card = #{drivingLicenseCard,jdbcType=VARCHAR},
      </if>
      <if test="idCardAdd != null" >
        id_card_add = #{idCardAdd,jdbcType=VARCHAR},
      </if>
      <if test="drivingLicenseAdd != null" >
        driving_license_add = #{drivingLicenseAdd,jdbcType=VARCHAR},
      </if>
      <if test="drivingLicenseType != null" >
        driving_license_type = #{drivingLicenseType,jdbcType=BIT},
      </if>
      <if test="username != null" >
        username = #{username,jdbcType=VARCHAR},
      </if>
    </set>
    where id = #{id,jdbcType=INTEGER}
  </update>
  <update id="updateByPrimaryKey" parameterType="com.entity.Customer" >
    update customer
    set creatime = #{creatime,jdbcType=TIMESTAMP},
      mobile = #{mobile,jdbcType=VARCHAR},
      password = #{password,jdbcType=VARCHAR},
      enable = #{enable,jdbcType=BIT},
      id_card_auth = #{idCardAuth,jdbcType=BIT},
      real_name = #{realName,jdbcType=VARCHAR},
      sex = #{sex,jdbcType=BIT},
      id_card = #{idCard,jdbcType=VARCHAR},
      driving_license_card = #{drivingLicenseCard,jdbcType=VARCHAR},
      id_card_add = #{idCardAdd,jdbcType=VARCHAR},
      driving_license_add = #{drivingLicenseAdd,jdbcType=VARCHAR},
      driving_license_type = #{drivingLicenseType,jdbcType=BIT},
      username = #{username,jdbcType=VARCHAR}
    where id = #{id,jdbcType=INTEGER}
  </update>
</mapper>