<?xml version="1.0" encoding="UTF-8" ?>
<!DOCTYPE mapper PUBLIC "-//mybatis.org//DTD Mapper 3.0//EN" "http://mybatis.org/dtd/mybatis-3-mapper.dtd" >
<mapper namespace="com.mapper.InformationMapper" >
  <resultMap id="BaseResultMap" type="com.entity.Information" >
    <id column="id" property="id" jdbcType="INTEGER" />
    <result column="creatime" property="creatime" jdbcType="TIMESTAMP" />
    <result column="information_kind_id" property="informationKindId" jdbcType="INTEGER" />
    <result column="title" property="title" jdbcType="VARCHAR" />
    <result column="body" property="body" jdbcType="VARCHAR" />
    <result column="author" property="author" jdbcType="VARCHAR" />
    <result column="update_time" property="updateTime" jdbcType="TIMESTAMP" />
    <result column="update_user_id" property="updateUserId" jdbcType="INTEGER" />
    <result column="enable" property="enable" jdbcType="BIT" />
  </resultMap>
  <sql id="Example_Where_Clause" >
    <where >
      <foreach collection="oredCriteria" item="criteria" separator="or" >
        <if test="criteria.valid" >
          <trim prefix="(" suffix=")" prefixOverrides="and" >
            <foreach collection="criteria.criteria" item="criterion" >
              <choose >
                <when test="criterion.noValue" >
                  and ${criterion.condition}
                </when>
                <when test="criterion.singleValue" >
                  and ${criterion.condition} #{criterion.value}
                </when>
                <when test="criterion.betweenValue" >
                  and ${criterion.condition} #{criterion.value} and #{criterion.secondValue}
                </when>
                <when test="criterion.listValue" >
                  and ${criterion.condition}
                  <foreach collection="criterion.value" item="listItem" open="(" close=")" separator="," >
                    #{listItem}
                  </foreach>
                </when>
              </choose>
            </foreach>
          </trim>
        </if>
      </foreach>
    </where>
  </sql>
  <sql id="Update_By_Example_Where_Clause" >
    <where >
      <foreach collection="example.oredCriteria" item="criteria" separator="or" >
        <if test="criteria.valid" >
          <trim prefix="(" suffix=")" prefixOverrides="and" >
            <foreach collection="criteria.criteria" item="criterion" >
              <choose >
                <when test="criterion.noValue" >
                  and ${criterion.condition}
                </when>
                <when test="criterion.singleValue" >
                  and ${criterion.condition} #{criterion.value}
                </when>
                <when test="criterion.betweenValue" >
                  and ${criterion.condition} #{criterion.value} and #{criterion.secondValue}
                </when>
                <when test="criterion.listValue" >
                  and ${criterion.condition}
                  <foreach collection="criterion.value" item="listItem" open="(" close=")" separator="," >
                    #{listItem}
                  </foreach>
                </when>
              </choose>
            </foreach>
          </trim>
        </if>
      </foreach>
    </where>
  </sql>
  <sql id="Base_Column_List" >
    id, creatime, information_kind_id, title, body, author, update_time, update_user_id, 
    enable
  </sql>
  <select id="selectByExample" resultMap="BaseResultMap" parameterType="com.entity.InformationExample" >
    select
    <if test="distinct" >
      distinct
    </if>
    <include refid="Base_Column_List" />
    from information
    <if test="_parameter != null" >
      <include refid="Example_Where_Clause" />
    </if>
    <if test="orderByClause != null" >
      order by ${orderByClause}
    </if>
  </select>
  <select id="selectByPrimaryKey" resultMap="BaseResultMap" parameterType="java.lang.Integer" >
    select 
    <include refid="Base_Column_List" />
    from information
    where id = #{id,jdbcType=INTEGER}
  </select>
  <delete id="deleteByPrimaryKey" parameterType="java.lang.Integer" >
    delete from information
    where id = #{id,jdbcType=INTEGER}
  </delete>
  <delete id="deleteByExample" parameterType="com.entity.InformationExample" >
    delete from information
    <if test="_parameter != null" >
      <include refid="Example_Where_Clause" />
    </if>
  </delete>
  <insert id="insert" parameterType="com.entity.Information" >
    insert into information (id, creatime, information_kind_id, 
      title, body, author, 
      update_time, update_user_id, enable
      )
    values (#{id,jdbcType=INTEGER}, #{creatime,jdbcType=TIMESTAMP}, #{informationKindId,jdbcType=INTEGER}, 
      #{title,jdbcType=VARCHAR}, #{body,jdbcType=VARCHAR}, #{author,jdbcType=VARCHAR}, 
      #{updateTime,jdbcType=TIMESTAMP}, #{updateUserId,jdbcType=INTEGER}, #{enable,jdbcType=BIT}
      )
  </insert>
  <insert id="insertSelective" parameterType="com.entity.Information" >
    insert into information
    <trim prefix="(" suffix=")" suffixOverrides="," >
      <if test="id != null" >
        id,
      </if>
      <if test="creatime != null" >
        creatime,
      </if>
      <if test="informationKindId != null" >
        information_kind_id,
      </if>
      <if test="title != null" >
        title,
      </if>
      <if test="body != null" >
        body,
      </if>
      <if test="author != null" >
        author,
      </if>
      <if test="updateTime != null" >
        update_time,
      </if>
      <if test="updateUserId != null" >
        update_user_id,
      </if>
      <if test="enable != null" >
        enable,
      </if>
    </trim>
    <trim prefix="values (" suffix=")" suffixOverrides="," >
      <if test="id != null" >
        #{id,jdbcType=INTEGER},
      </if>
      <if test="creatime != null" >
        #{creatime,jdbcType=TIMESTAMP},
      </if>
      <if test="informationKindId != null" >
        #{informationKindId,jdbcType=INTEGER},
      </if>
      <if test="title != null" >
        #{title,jdbcType=VARCHAR},
      </if>
      <if test="body != null" >
        #{body,jdbcType=VARCHAR},
      </if>
      <if test="author != null" >
        #{author,jdbcType=VARCHAR},
      </if>
      <if test="updateTime != null" >
        #{updateTime,jdbcType=TIMESTAMP},
      </if>
      <if test="updateUserId != null" >
        #{updateUserId,jdbcType=INTEGER},
      </if>
      <if test="enable != null" >
        #{enable,jdbcType=BIT},
      </if>
    </trim>
  </insert>
  <select id="countByExample" parameterType="com.entity.InformationExample" resultType="java.lang.Integer" >
    select count(*) from information
    <if test="_parameter != null" >
      <include refid="Example_Where_Clause" />
    </if>
  </select>
  <update id="updateByExampleSelective" parameterType="map" >
    update information
    <set >
      <if test="record.id != null" >
        id = #{record.id,jdbcType=INTEGER},
      </if>
      <if test="record.creatime != null" >
        creatime = #{record.creatime,jdbcType=TIMESTAMP},
      </if>
      <if test="record.informationKindId != null" >
        information_kind_id = #{record.informationKindId,jdbcType=INTEGER},
      </if>
      <if test="record.title != null" >
        title = #{record.title,jdbcType=VARCHAR},
      </if>
      <if test="record.body != null" >
        body = #{record.body,jdbcType=VARCHAR},
      </if>
      <if test="record.author != null" >
        author = #{record.author,jdbcType=VARCHAR},
      </if>
      <if test="record.updateTime != null" >
        update_time = #{record.updateTime,jdbcType=TIMESTAMP},
      </if>
      <if test="record.updateUserId != null" >
        update_user_id = #{record.updateUserId,jdbcType=INTEGER},
      </if>
      <if test="record.enable != null" >
        enable = #{record.enable,jdbcType=BIT},
      </if>
    </set>
    <if test="_parameter != null" >
      <include refid="Update_By_Example_Where_Clause" />
    </if>
  </update>
  <update id="updateByExample" parameterType="map" >
    update information
    set id = #{record.id,jdbcType=INTEGER},
      creatime = #{record.creatime,jdbcType=TIMESTAMP},
      information_kind_id = #{record.informationKindId,jdbcType=INTEGER},
      title = #{record.title,jdbcType=VARCHAR},
      body = #{record.body,jdbcType=VARCHAR},
      author = #{record.author,jdbcType=VARCHAR},
      update_time = #{record.updateTime,jdbcType=TIMESTAMP},
      update_user_id = #{record.updateUserId,jdbcType=INTEGER},
      enable = #{record.enable,jdbcType=BIT}
    <if test="_parameter != null" >
      <include refid="Update_By_Example_Where_Clause" />
    </if>
  </update>
  <update id="updateByPrimaryKeySelective" parameterType="com.entity.Information" >
    update information
    <set >
      <if test="creatime != null" >
        creatime = #{creatime,jdbcType=TIMESTAMP},
      </if>
      <if test="informationKindId != null" >
        information_kind_id = #{informationKindId,jdbcType=INTEGER},
      </if>
      <if test="title != null" >
        title = #{title,jdbcType=VARCHAR},
      </if>
      <if test="body != null" >
        body = #{body,jdbcType=VARCHAR},
      </if>
      <if test="author != null" >
        author = #{author,jdbcType=VARCHAR},
      </if>
      <if test="updateTime != null" >
        update_time = #{updateTime,jdbcType=TIMESTAMP},
      </if>
      <if test="updateUserId != null" >
        update_user_id = #{updateUserId,jdbcType=INTEGER},
      </if>
      <if test="enable != null" >
        enable = #{enable,jdbcType=BIT},
      </if>
    </set>
    where id = #{id,jdbcType=INTEGER}
  </update>
  <update id="updateByPrimaryKey" parameterType="com.entity.Information" >
    update information
    set creatime = #{creatime,jdbcType=TIMESTAMP},
      information_kind_id = #{informationKindId,jdbcType=INTEGER},
      title = #{title,jdbcType=VARCHAR},
      body = #{body,jdbcType=VARCHAR},
      author = #{author,jdbcType=VARCHAR},
      update_time = #{updateTime,jdbcType=TIMESTAMP},
      update_user_id = #{updateUserId,jdbcType=INTEGER},
      enable = #{enable,jdbcType=BIT}
    where id = #{id,jdbcType=INTEGER}
  </update>
  <select id="getlawInformation" resultType="com.entity.Information" parameterType="com.entity.Information">
  
    select * from information where information_kind_id=1
   
    
    
     
  </select>
  <select id="getInsuranceInformation" resultType="com.entity.Information" parameterType="com.entity.Information">
  
    select * from information where information_kind_id=2
   
    
    
     
  </select>
  <select id="getPlatorInformation" resultType="com.entity.Information" parameterType="com.entity.Information">
  
    select * from information where information_kind_id=3
   
    
    
     
  </select>
  <select id="getOliInformation" resultType="com.entity.Information" parameterType="com.entity.Information">
  
    select * from information where information_kind_id=4
   
    
    
     
  </select>
  <select id="getGasInformation" resultType="com.entity.Information" parameterType="com.entity.Information">
  
    select * from information where information_kind_id=5
   
    
    
     
  </select>
  
</mapper>