<?xml version="1.0" encoding="UTF-8" ?>
<!DOCTYPE mapper PUBLIC "-//mybatis.org//DTD Mapper 3.0//EN" "http://mybatis.org/dtd/mybatis-3-mapper.dtd" >
<mapper namespace="com.mapper.InsuranceMapper" >
  <resultMap id="BaseResultMap" type="com.entity.Insurance" >
    <id column="id" property="id" jdbcType="INTEGER" />
    <result column="beneficiary" property="beneficiary" jdbcType="VARCHAR" />
    <result column="age" property="age" jdbcType="INTEGER" />
    <result column="body" property="body" jdbcType="VARCHAR" />
    <result column="homeplace" property="homeplace" jdbcType="VARCHAR" />
    <result column="occupation" property="occupation" jdbcType="VARCHAR" />
    <result column="company" property="company" jdbcType="VARCHAR" />
    <result column="order_creatime" property="orderCreatime" jdbcType="TIMESTAMP" />
    <result column="order_endtime" property="orderEndtime" jdbcType="TIMESTAMP" />
    <result column="insurance_creatime" property="insuranceCreatime" jdbcType="TIMESTAMP" />
    <result column="insurance_endtime" property="insuranceEndtime" jdbcType="TIMESTAMP" />
    <result column="customer_id" property="customerId" jdbcType="INTEGER" />
    <result column="status" property="status" jdbcType="BIT" />
  </resultMap>
  <sql id="Example_Where_Clause" >
    <where >
      <foreach collection="oredCriteria" item="criteria" separator="or" >
        <if test="criteria.valid" >
          <trim prefix="(" suffix=")" prefixOverrides="and" >
            <foreach collection="criteria.criteria" item="criterion" >
              <choose >
                <when test="criterion.noValue" >
                  and ${criterion.condition}
                </when>
                <when test="criterion.singleValue" >
                  and ${criterion.condition} #{criterion.value}
                </when>
                <when test="criterion.betweenValue" >
                  and ${criterion.condition} #{criterion.value} and #{criterion.secondValue}
                </when>
                <when test="criterion.listValue" >
                  and ${criterion.condition}
                  <foreach collection="criterion.value" item="listItem" open="(" close=")" separator="," >
                    #{listItem}
                  </foreach>
                </when>
              </choose>
            </foreach>
          </trim>
        </if>
      </foreach>
    </where>
  </sql>
  <sql id="Update_By_Example_Where_Clause" >
    <where >
      <foreach collection="example.oredCriteria" item="criteria" separator="or" >
        <if test="criteria.valid" >
          <trim prefix="(" suffix=")" prefixOverrides="and" >
            <foreach collection="criteria.criteria" item="criterion" >
              <choose >
                <when test="criterion.noValue" >
                  and ${criterion.condition}
                </when>
                <when test="criterion.singleValue" >
                  and ${criterion.condition} #{criterion.value}
                </when>
                <when test="criterion.betweenValue" >
                  and ${criterion.condition} #{criterion.value} and #{criterion.secondValue}
                </when>
                <when test="criterion.listValue" >
                  and ${criterion.condition}
                  <foreach collection="criterion.value" item="listItem" open="(" close=")" separator="," >
                    #{listItem}
                  </foreach>
                </when>
              </choose>
            </foreach>
          </trim>
        </if>
      </foreach>
    </where>
  </sql>
  <sql id="Base_Column_List" >
    id, beneficiary, age, body, homeplace, occupation, company, order_creatime, order_endtime, 
    insurance_creatime, insurance_endtime, customer_id, status
  </sql>
  <select id="selectByExample" resultMap="BaseResultMap" parameterType="com.entity.InsuranceExample" >
    select
    <if test="distinct" >
      distinct
    </if>
    <include refid="Base_Column_List" />
    from insurance
    <if test="_parameter != null" >
      <include refid="Example_Where_Clause" />
    </if>
    <if test="orderByClause != null" >
      order by ${orderByClause}
    </if>
  </select>
  <select id="selectByPrimaryKey" resultMap="BaseResultMap" parameterType="java.lang.Integer" >
    select 
    <include refid="Base_Column_List" />
    from insurance
    where id = #{id,jdbcType=INTEGER}
  </select>
  <delete id="deleteByPrimaryKey" parameterType="java.lang.Integer" >
    delete from insurance
    where id = #{id,jdbcType=INTEGER}
  </delete>
  <delete id="deleteByExample" parameterType="com.entity.InsuranceExample" >
    delete from insurance
    <if test="_parameter != null" >
      <include refid="Example_Where_Clause" />
    </if>
  </delete>
  <insert id="insert" parameterType="com.entity.Insurance" >
    insert into insurance (id, beneficiary, age, 
      body, homeplace, occupation, 
      company, order_creatime, order_endtime, 
      insurance_creatime, insurance_endtime, 
      customer_id, status)
    values (#{id,jdbcType=INTEGER}, #{beneficiary,jdbcType=VARCHAR}, #{age,jdbcType=INTEGER}, 
      #{body,jdbcType=VARCHAR}, #{homeplace,jdbcType=VARCHAR}, #{occupation,jdbcType=VARCHAR}, 
      #{company,jdbcType=VARCHAR}, #{orderCreatime,jdbcType=TIMESTAMP}, #{orderEndtime,jdbcType=TIMESTAMP}, 
      #{insuranceCreatime,jdbcType=TIMESTAMP}, #{insuranceEndtime,jdbcType=TIMESTAMP}, 
      #{customerId,jdbcType=INTEGER}, #{status,jdbcType=BIT})
  </insert>
  <insert id="insertSelective" parameterType="com.entity.Insurance" >
    insert into insurance
    <trim prefix="(" suffix=")" suffixOverrides="," >
      <if test="id != null" >
        id,
      </if>
      <if test="beneficiary != null" >
        beneficiary,
      </if>
      <if test="age != null" >
        age,
      </if>
      <if test="body != null" >
        body,
      </if>
      <if test="homeplace != null" >
        homeplace,
      </if>
      <if test="occupation != null" >
        occupation,
      </if>
      <if test="company != null" >
        company,
      </if>
      <if test="orderCreatime != null" >
        order_creatime,
      </if>
      <if test="orderEndtime != null" >
        order_endtime,
      </if>
      <if test="insuranceCreatime != null" >
        insurance_creatime,
      </if>
      <if test="insuranceEndtime != null" >
        insurance_endtime,
      </if>
      <if test="customerId != null" >
        customer_id,
      </if>
      <if test="status != null" >
        status,
      </if>
    </trim>
    <trim prefix="values (" suffix=")" suffixOverrides="," >
      <if test="id != null" >
        #{id,jdbcType=INTEGER},
      </if>
      <if test="beneficiary != null" >
        #{beneficiary,jdbcType=VARCHAR},
      </if>
      <if test="age != null" >
        #{age,jdbcType=INTEGER},
      </if>
      <if test="body != null" >
        #{body,jdbcType=VARCHAR},
      </if>
      <if test="homeplace != null" >
        #{homeplace,jdbcType=VARCHAR},
      </if>
      <if test="occupation != null" >
        #{occupation,jdbcType=VARCHAR},
      </if>
      <if test="company != null" >
        #{company,jdbcType=VARCHAR},
      </if>
      <if test="orderCreatime != null" >
        #{orderCreatime,jdbcType=TIMESTAMP},
      </if>
      <if test="orderEndtime != null" >
        #{orderEndtime,jdbcType=TIMESTAMP},
      </if>
      <if test="insuranceCreatime != null" >
        #{insuranceCreatime,jdbcType=TIMESTAMP},
      </if>
      <if test="insuranceEndtime != null" >
        #{insuranceEndtime,jdbcType=TIMESTAMP},
      </if>
      <if test="customerId != null" >
        #{customerId,jdbcType=INTEGER},
      </if>
      <if test="status != null" >
        #{status,jdbcType=BIT},
      </if>
    </trim>
  </insert>
  <select id="countByExample" parameterType="com.entity.InsuranceExample" resultType="java.lang.Integer" >
    select count(*) from insurance
    <if test="_parameter != null" >
      <include refid="Example_Where_Clause" />
    </if>
  </select>
  <update id="updateByExampleSelective" parameterType="map" >
    update insurance
    <set >
      <if test="record.id != null" >
        id = #{record.id,jdbcType=INTEGER},
      </if>
      <if test="record.beneficiary != null" >
        beneficiary = #{record.beneficiary,jdbcType=VARCHAR},
      </if>
      <if test="record.age != null" >
        age = #{record.age,jdbcType=INTEGER},
      </if>
      <if test="record.body != null" >
        body = #{record.body,jdbcType=VARCHAR},
      </if>
      <if test="record.homeplace != null" >
        homeplace = #{record.homeplace,jdbcType=VARCHAR},
      </if>
      <if test="record.occupation != null" >
        occupation = #{record.occupation,jdbcType=VARCHAR},
      </if>
      <if test="record.company != null" >
        company = #{record.company,jdbcType=VARCHAR},
      </if>
      <if test="record.orderCreatime != null" >
        order_creatime = #{record.orderCreatime,jdbcType=TIMESTAMP},
      </if>
      <if test="record.orderEndtime != null" >
        order_endtime = #{record.orderEndtime,jdbcType=TIMESTAMP},
      </if>
      <if test="record.insuranceCreatime != null" >
        insurance_creatime = #{record.insuranceCreatime,jdbcType=TIMESTAMP},
      </if>
      <if test="record.insuranceEndtime != null" >
        insurance_endtime = #{record.insuranceEndtime,jdbcType=TIMESTAMP},
      </if>
      <if test="record.customerId != null" >
        customer_id = #{record.customerId,jdbcType=INTEGER},
      </if>
      <if test="record.status != null" >
        status = #{record.status,jdbcType=BIT},
      </if>
    </set>
    <if test="_parameter != null" >
      <include refid="Update_By_Example_Where_Clause" />
    </if>
  </update>
  <update id="updateByExample" parameterType="map" >
    update insurance
    set id = #{record.id,jdbcType=INTEGER},
      beneficiary = #{record.beneficiary,jdbcType=VARCHAR},
      age = #{record.age,jdbcType=INTEGER},
      body = #{record.body,jdbcType=VARCHAR},
      homeplace = #{record.homeplace,jdbcType=VARCHAR},
      occupation = #{record.occupation,jdbcType=VARCHAR},
      company = #{record.company,jdbcType=VARCHAR},
      order_creatime = #{record.orderCreatime,jdbcType=TIMESTAMP},
      order_endtime = #{record.orderEndtime,jdbcType=TIMESTAMP},
      insurance_creatime = #{record.insuranceCreatime,jdbcType=TIMESTAMP},
      insurance_endtime = #{record.insuranceEndtime,jdbcType=TIMESTAMP},
      customer_id = #{record.customerId,jdbcType=INTEGER},
      status = #{record.status,jdbcType=BIT}
    <if test="_parameter != null" >
      <include refid="Update_By_Example_Where_Clause" />
    </if>
  </update>
  <update id="updateByPrimaryKeySelective" parameterType="com.entity.Insurance" >
    update insurance
    <set >
      <if test="beneficiary != null" >
        beneficiary = #{beneficiary,jdbcType=VARCHAR},
      </if>
      <if test="age != null" >
        age = #{age,jdbcType=INTEGER},
      </if>
      <if test="body != null" >
        body = #{body,jdbcType=VARCHAR},
      </if>
      <if test="homeplace != null" >
        homeplace = #{homeplace,jdbcType=VARCHAR},
      </if>
      <if test="occupation != null" >
        occupation = #{occupation,jdbcType=VARCHAR},
      </if>
      <if test="company != null" >
        company = #{company,jdbcType=VARCHAR},
      </if>
      <if test="orderCreatime != null" >
        order_creatime = #{orderCreatime,jdbcType=TIMESTAMP},
      </if>
      <if test="orderEndtime != null" >
        order_endtime = #{orderEndtime,jdbcType=TIMESTAMP},
      </if>
      <if test="insuranceCreatime != null" >
        insurance_creatime = #{insuranceCreatime,jdbcType=TIMESTAMP},
      </if>
      <if test="insuranceEndtime != null" >
        insurance_endtime = #{insuranceEndtime,jdbcType=TIMESTAMP},
      </if>
      <if test="customerId != null" >
        customer_id = #{customerId,jdbcType=INTEGER},
      </if>
      <if test="status != null" >
        status = #{status,jdbcType=BIT},
      </if>
    </set>
    where id = #{id,jdbcType=INTEGER}
  </update>
  <update id="updateByPrimaryKey" parameterType="com.entity.Insurance" >
    update insurance
    set beneficiary = #{beneficiary,jdbcType=VARCHAR},
      age = #{age,jdbcType=INTEGER},
      body = #{body,jdbcType=VARCHAR},
      homeplace = #{homeplace,jdbcType=VARCHAR},
      occupation = #{occupation,jdbcType=VARCHAR},
      company = #{company,jdbcType=VARCHAR},
      order_creatime = #{orderCreatime,jdbcType=TIMESTAMP},
      order_endtime = #{orderEndtime,jdbcType=TIMESTAMP},
      insurance_creatime = #{insuranceCreatime,jdbcType=TIMESTAMP},
      insurance_endtime = #{insuranceEndtime,jdbcType=TIMESTAMP},
      customer_id = #{customerId,jdbcType=INTEGER},
      status = #{status,jdbcType=BIT}
    where id = #{id,jdbcType=INTEGER}
  </update>
  <select id="getInsurance" resultType="com.vo.InsuranceVo" parameterType="com.vo.InsuranceVo">
  SELECT 
  a.id id,
  b.username username,
  b.`real_name` realName,
  a.`beneficiary` beneficiary,
  b.`sex` sex,
  a.age age,
  a.`body` body,
  b.`mobile` mobile,
  a.homeplace homeplace,
  a.`occupation` occupation,
  a.`company` company,
  a.`order_creatime` orderCreatime,
  a.`order_endtime` orderEndtime,
  a.`insurance_creatime` insuranceCreatime,
  a.`insurance_endtime` insuranceEndtime,
  a.status status 
FROM
  insurance a 
  LEFT JOIN customer b 
    ON a.`customer_id` = b.`id` 
       <where>
                   <if test="realName != null and realName!=''">
                     and real_name like '%${realName}%' 
                   </if>
                   <if test="beneficiary != null and beneficiary!=''">
                     and beneficiary like '%${beneficiary}%' 
                   </if>
                   <if test="company != null and company!=''">
                     and company like '%${company}%' 
                   </if>
                  <if test="body != null and body!=''">
                     and body like '%${body}%' 
                   </if>
                   <if test="homeplace != null and homeplace!=''">
                     and homeplace like '%${homeplace}%' 
                   </if>
                   <if test="occupation != null and occupation!=''">
                     and occupation like '%${occupation}%' 
                   </if>
                 </where>
  
  </select>
   <update id="updateInsurance" parameterType="com.entity.Insurance">
      
      UPDATE insurance SET STATUS=#{status} WHERE id=#{id}
   
   </update>
</mapper>