<?xml version="1.0" encoding="UTF-8" ?>
<!DOCTYPE mapper PUBLIC "-//mybatis.org//DTD Mapper 3.0//EN" "http://mybatis.org/dtd/mybatis-3-mapper.dtd" >
<mapper namespace="com.mapper.PetrolStationAndPetrolMapper" >
  <resultMap id="BaseResultMap" type="com.entity.PetrolStationAndPetrol" >
    <id column="id" property="id" jdbcType="INTEGER" />
    <result column="creatime" property="creatime" jdbcType="TIMESTAMP" />
    <result column="petrol_station_id" property="petrolStationId" jdbcType="INTEGER" />
    <result column="petrol_id" property="petrolId" jdbcType="INTEGER" />
    <result column="enable" property="enable" jdbcType="BIT" />
    <result column="unit_price" property="unitPrice" jdbcType="DECIMAL" />
  </resultMap>
  <sql id="Example_Where_Clause" >
    <where >
      <foreach collection="oredCriteria" item="criteria" separator="or" >
        <if test="criteria.valid" >
          <trim prefix="(" suffix=")" prefixOverrides="and" >
            <foreach collection="criteria.criteria" item="criterion" >
              <choose >
                <when test="criterion.noValue" >
                  and ${criterion.condition}
                </when>
                <when test="criterion.singleValue" >
                  and ${criterion.condition} #{criterion.value}
                </when>
                <when test="criterion.betweenValue" >
                  and ${criterion.condition} #{criterion.value} and #{criterion.secondValue}
                </when>
                <when test="criterion.listValue" >
                  and ${criterion.condition}
                  <foreach collection="criterion.value" item="listItem" open="(" close=")" separator="," >
                    #{listItem}
                  </foreach>
                </when>
              </choose>
            </foreach>
          </trim>
        </if>
      </foreach>
    </where>
  </sql>
  <sql id="Update_By_Example_Where_Clause" >
    <where >
      <foreach collection="example.oredCriteria" item="criteria" separator="or" >
        <if test="criteria.valid" >
          <trim prefix="(" suffix=")" prefixOverrides="and" >
            <foreach collection="criteria.criteria" item="criterion" >
              <choose >
                <when test="criterion.noValue" >
                  and ${criterion.condition}
                </when>
                <when test="criterion.singleValue" >
                  and ${criterion.condition} #{criterion.value}
                </when>
                <when test="criterion.betweenValue" >
                  and ${criterion.condition} #{criterion.value} and #{criterion.secondValue}
                </when>
                <when test="criterion.listValue" >
                  and ${criterion.condition}
                  <foreach collection="criterion.value" item="listItem" open="(" close=")" separator="," >
                    #{listItem}
                  </foreach>
                </when>
              </choose>
            </foreach>
          </trim>
        </if>
      </foreach>
    </where>
  </sql>
  <sql id="Base_Column_List" >
    id, creatime, petrol_station_id, petrol_id, enable, unit_price
  </sql>
  <select id="selectByExample" resultMap="BaseResultMap" parameterType="com.entity.PetrolStationAndPetrolExample" >
    select
    <if test="distinct" >
      distinct
    </if>
    <include refid="Base_Column_List" />
    from petrol_station_and_petrol
    <if test="_parameter != null" >
      <include refid="Example_Where_Clause" />
    </if>
    <if test="orderByClause != null" >
      order by ${orderByClause}
    </if>
  </select>
  <select id="selectByPrimaryKey" resultMap="BaseResultMap" parameterType="java.lang.Integer" >
    select 
    <include refid="Base_Column_List" />
    from petrol_station_and_petrol
    where id = #{id,jdbcType=INTEGER}
  </select>
  <delete id="deleteByPrimaryKey" parameterType="java.lang.Integer" >
    delete from petrol_station_and_petrol
    where id = #{id,jdbcType=INTEGER}
  </delete>
  <delete id="deleteByExample" parameterType="com.entity.PetrolStationAndPetrolExample" >
    delete from petrol_station_and_petrol
    <if test="_parameter != null" >
      <include refid="Example_Where_Clause" />
    </if>
  </delete>
  <insert id="insert" parameterType="com.entity.PetrolStationAndPetrol" >
    insert into petrol_station_and_petrol (id, creatime, petrol_station_id, 
      petrol_id, enable, unit_price
      )
    values (#{id,jdbcType=INTEGER}, #{creatime,jdbcType=TIMESTAMP}, #{petrolStationId,jdbcType=INTEGER}, 
      #{petrolId,jdbcType=INTEGER}, #{enable,jdbcType=BIT}, #{unitPrice,jdbcType=DECIMAL}
      )
  </insert>
  <insert id="insertSelective" parameterType="com.entity.PetrolStationAndPetrol" >
    insert into petrol_station_and_petrol
    <trim prefix="(" suffix=")" suffixOverrides="," >
      <if test="id != null" >
        id,
      </if>
      <if test="creatime != null" >
        creatime,
      </if>
      <if test="petrolStationId != null" >
        petrol_station_id,
      </if>
      <if test="petrolId != null" >
        petrol_id,
      </if>
      <if test="enable != null" >
        enable,
      </if>
      <if test="unitPrice != null" >
        unit_price,
      </if>
    </trim>
    <trim prefix="values (" suffix=")" suffixOverrides="," >
      <if test="id != null" >
        #{id,jdbcType=INTEGER},
      </if>
      <if test="creatime != null" >
        #{creatime,jdbcType=TIMESTAMP},
      </if>
      <if test="petrolStationId != null" >
        #{petrolStationId,jdbcType=INTEGER},
      </if>
      <if test="petrolId != null" >
        #{petrolId,jdbcType=INTEGER},
      </if>
      <if test="enable != null" >
        #{enable,jdbcType=BIT},
      </if>
      <if test="unitPrice != null" >
        #{unitPrice,jdbcType=DECIMAL},
      </if>
    </trim>
  </insert>
  <select id="countByExample" parameterType="com.entity.PetrolStationAndPetrolExample" resultType="java.lang.Integer" >
    select count(*) from petrol_station_and_petrol
    <if test="_parameter != null" >
      <include refid="Example_Where_Clause" />
    </if>
  </select>
  <update id="updateByExampleSelective" parameterType="map" >
    update petrol_station_and_petrol
    <set >
      <if test="record.id != null" >
        id = #{record.id,jdbcType=INTEGER},
      </if>
      <if test="record.creatime != null" >
        creatime = #{record.creatime,jdbcType=TIMESTAMP},
      </if>
      <if test="record.petrolStationId != null" >
        petrol_station_id = #{record.petrolStationId,jdbcType=INTEGER},
      </if>
      <if test="record.petrolId != null" >
        petrol_id = #{record.petrolId,jdbcType=INTEGER},
      </if>
      <if test="record.enable != null" >
        enable = #{record.enable,jdbcType=BIT},
      </if>
      <if test="record.unitPrice != null" >
        unit_price = #{record.unitPrice,jdbcType=DECIMAL},
      </if>
    </set>
    <if test="_parameter != null" >
      <include refid="Update_By_Example_Where_Clause" />
    </if>
  </update>
  <update id="updateByExample" parameterType="map" >
    update petrol_station_and_petrol
    set id = #{record.id,jdbcType=INTEGER},
      creatime = #{record.creatime,jdbcType=TIMESTAMP},
      petrol_station_id = #{record.petrolStationId,jdbcType=INTEGER},
      petrol_id = #{record.petrolId,jdbcType=INTEGER},
      enable = #{record.enable,jdbcType=BIT},
      unit_price = #{record.unitPrice,jdbcType=DECIMAL}
    <if test="_parameter != null" >
      <include refid="Update_By_Example_Where_Clause" />
    </if>
  </update>
  <update id="updateByPrimaryKeySelective" parameterType="com.entity.PetrolStationAndPetrol" >
    update petrol_station_and_petrol
    <set >
      <if test="creatime != null" >
        creatime = #{creatime,jdbcType=TIMESTAMP},
      </if>
      <if test="petrolStationId != null" >
        petrol_station_id = #{petrolStationId,jdbcType=INTEGER},
      </if>
      <if test="petrolId != null" >
        petrol_id = #{petrolId,jdbcType=INTEGER},
      </if>
      <if test="enable != null" >
        enable = #{enable,jdbcType=BIT},
      </if>
      <if test="unitPrice != null" >
        unit_price = #{unitPrice,jdbcType=DECIMAL},
      </if>
    </set>
    where id = #{id,jdbcType=INTEGER}
  </update>
  <update id="updateByPrimaryKey" parameterType="com.entity.PetrolStationAndPetrol" >
    update petrol_station_and_petrol
    set creatime = #{creatime,jdbcType=TIMESTAMP},
      petrol_station_id = #{petrolStationId,jdbcType=INTEGER},
      petrol_id = #{petrolId,jdbcType=INTEGER},
      enable = #{enable,jdbcType=BIT},
      unit_price = #{unitPrice,jdbcType=DECIMAL}
    where id = #{id,jdbcType=INTEGER}
  </update>
  <select id="getStationPetrol" resultType="com.vo.PetrolStationAndPetrolVo" parameterType="com.vo.PetrolStationAndPetrolVo">
  
  SELECT 
  a.`id` id,
  b.`name` name,
  c.`name` cname,
  a.`unit_price` unitPrice ,
  b.`address`
FROM
  petrol_station_and_petrol a 
  LEFT JOIN petrol_station b 
    ON a.`petrol_station_id` = b.`id` 
  LEFT JOIN petrol c 
    ON a.`petrol_id` = c.`id`
  <where>
     <if test="cname != null and cname!=''">
                     and c.name like '%${name}%' 
                   </if>
                   <if test="address != null and address!=''">
                     and address like '%${address}%' 
                   </if>
                   <if test="name != null and name!=''">
                     and b.name like '%${name}%' 
                   </if>
  
  
  </where>
  </select>
</mapper>