<?xml version="1.0" encoding="UTF-8" ?>
<!DOCTYPE mapper PUBLIC "-//mybatis.org//DTD Mapper 3.0//EN" "http://mybatis.org/dtd/mybatis-3-mapper.dtd" >
<mapper namespace="com.mapper.PetrolFillRecordMapper" >
  <resultMap id="BaseResultMap" type="com.entity.PetrolFillRecord" >
    <id column="id" property="id" jdbcType="INTEGER" />
    <result column="creatime" property="creatime" jdbcType="TIMESTAMP" />
    <result column="customer_id" property="customerId" jdbcType="INTEGER" />
    <result column="petrol_station_and_petrol_id" property="petrolStationAndPetrolId" jdbcType="INTEGER" />
    <result column="amount" property="amount" jdbcType="DECIMAL" />
    <result column="photo_add" property="photoAdd" jdbcType="VARCHAR" />
    <result column="audic_status" property="audicStatus" jdbcType="BIT" />
    <result column="audic_time" property="audicTime" jdbcType="TIMESTAMP" />
    <result column="payment_status" property="paymentStatus" jdbcType="BIT" />
    <result column="payment_time" property="paymentTime" jdbcType="TIMESTAMP" />
    <result column="petrol_station_id" property="petrolStationId" jdbcType="INTEGER" />
  </resultMap>
  <sql id="Example_Where_Clause" >
    <where >
      <foreach collection="oredCriteria" item="criteria" separator="or" >
        <if test="criteria.valid" >
          <trim prefix="(" suffix=")" prefixOverrides="and" >
            <foreach collection="criteria.criteria" item="criterion" >
              <choose >
                <when test="criterion.noValue" >
                  and ${criterion.condition}
                </when>
                <when test="criterion.singleValue" >
                  and ${criterion.condition} #{criterion.value}
                </when>
                <when test="criterion.betweenValue" >
                  and ${criterion.condition} #{criterion.value} and #{criterion.secondValue}
                </when>
                <when test="criterion.listValue" >
                  and ${criterion.condition}
                  <foreach collection="criterion.value" item="listItem" open="(" close=")" separator="," >
                    #{listItem}
                  </foreach>
                </when>
              </choose>
            </foreach>
          </trim>
        </if>
      </foreach>
    </where>
  </sql>
  <sql id="Update_By_Example_Where_Clause" >
    <where >
      <foreach collection="example.oredCriteria" item="criteria" separator="or" >
        <if test="criteria.valid" >
          <trim prefix="(" suffix=")" prefixOverrides="and" >
            <foreach collection="criteria.criteria" item="criterion" >
              <choose >
                <when test="criterion.noValue" >
                  and ${criterion.condition}
                </when>
                <when test="criterion.singleValue" >
                  and ${criterion.condition} #{criterion.value}
                </when>
                <when test="criterion.betweenValue" >
                  and ${criterion.condition} #{criterion.value} and #{criterion.secondValue}
                </when>
                <when test="criterion.listValue" >
                  and ${criterion.condition}
                  <foreach collection="criterion.value" item="listItem" open="(" close=")" separator="," >
                    #{listItem}
                  </foreach>
                </when>
              </choose>
            </foreach>
          </trim>
        </if>
      </foreach>
    </where>
  </sql>
  <sql id="Base_Column_List" >
    id, creatime, customer_id, petrol_station_and_petrol_id, amount, photo_add, audic_status, 
    audic_time, payment_status, payment_time, petrol_station_id
  </sql>
  <select id="selectByExample" resultMap="BaseResultMap" parameterType="com.entity.PetrolFillRecordExample" >
    select
    <if test="distinct" >
      distinct
    </if>
    <include refid="Base_Column_List" />
    from petrol_fill_record
    <if test="_parameter != null" >
      <include refid="Example_Where_Clause" />
    </if>
    <if test="orderByClause != null" >
      order by ${orderByClause}
    </if>
  </select>
  <select id="selectByPrimaryKey" resultMap="BaseResultMap" parameterType="java.lang.Integer" >
    select 
    <include refid="Base_Column_List" />
    from petrol_fill_record
    where id = #{id,jdbcType=INTEGER}
  </select>
  <delete id="deleteByPrimaryKey" parameterType="java.lang.Integer" >
    delete from petrol_fill_record
    where id = #{id,jdbcType=INTEGER}
  </delete>
  <delete id="deleteByExample" parameterType="com.entity.PetrolFillRecordExample" >
    delete from petrol_fill_record
    <if test="_parameter != null" >
      <include refid="Example_Where_Clause" />
    </if>
  </delete>
  <insert id="insert" parameterType="com.entity.PetrolFillRecord" >
    insert into petrol_fill_record (id, creatime, customer_id, 
      petrol_station_and_petrol_id, amount, photo_add, 
      audic_status, audic_time, payment_status, 
      payment_time, petrol_station_id)
    values (#{id,jdbcType=INTEGER}, #{creatime,jdbcType=TIMESTAMP}, #{customerId,jdbcType=INTEGER}, 
      #{petrolStationAndPetrolId,jdbcType=INTEGER}, #{amount,jdbcType=DECIMAL}, #{photoAdd,jdbcType=VARCHAR}, 
      #{audicStatus,jdbcType=BIT}, #{audicTime,jdbcType=TIMESTAMP}, #{paymentStatus,jdbcType=BIT}, 
      #{paymentTime,jdbcType=TIMESTAMP}, #{petrolStationId,jdbcType=INTEGER})
  </insert>
  <insert id="insertSelective" parameterType="com.entity.PetrolFillRecord" >
    insert into petrol_fill_record
    <trim prefix="(" suffix=")" suffixOverrides="," >
      <if test="id != null" >
        id,
      </if>
      <if test="creatime != null" >
        creatime,
      </if>
      <if test="customerId != null" >
        customer_id,
      </if>
      <if test="petrolStationAndPetrolId != null" >
        petrol_station_and_petrol_id,
      </if>
      <if test="amount != null" >
        amount,
      </if>
      <if test="photoAdd != null" >
        photo_add,
      </if>
      <if test="audicStatus != null" >
        audic_status,
      </if>
      <if test="audicTime != null" >
        audic_time,
      </if>
      <if test="paymentStatus != null" >
        payment_status,
      </if>
      <if test="paymentTime != null" >
        payment_time,
      </if>
      <if test="petrolStationId != null" >
        petrol_station_id,
      </if>
    </trim>
    <trim prefix="values (" suffix=")" suffixOverrides="," >
      <if test="id != null" >
        #{id,jdbcType=INTEGER},
      </if>
      <if test="creatime != null" >
        #{creatime,jdbcType=TIMESTAMP},
      </if>
      <if test="customerId != null" >
        #{customerId,jdbcType=INTEGER},
      </if>
      <if test="petrolStationAndPetrolId != null" >
        #{petrolStationAndPetrolId,jdbcType=INTEGER},
      </if>
      <if test="amount != null" >
        #{amount,jdbcType=DECIMAL},
      </if>
      <if test="photoAdd != null" >
        #{photoAdd,jdbcType=VARCHAR},
      </if>
      <if test="audicStatus != null" >
        #{audicStatus,jdbcType=BIT},
      </if>
      <if test="audicTime != null" >
        #{audicTime,jdbcType=TIMESTAMP},
      </if>
      <if test="paymentStatus != null" >
        #{paymentStatus,jdbcType=BIT},
      </if>
      <if test="paymentTime != null" >
        #{paymentTime,jdbcType=TIMESTAMP},
      </if>
      <if test="petrolStationId != null" >
        #{petrolStationId,jdbcType=INTEGER},
      </if>
    </trim>
  </insert>
  <select id="countByExample" parameterType="com.entity.PetrolFillRecordExample" resultType="java.lang.Integer" >
    select count(*) from petrol_fill_record
    <if test="_parameter != null" >
      <include refid="Example_Where_Clause" />
    </if>
  </select>
  <update id="updateByExampleSelective" parameterType="map" >
    update petrol_fill_record
    <set >
      <if test="record.id != null" >
        id = #{record.id,jdbcType=INTEGER},
      </if>
      <if test="record.creatime != null" >
        creatime = #{record.creatime,jdbcType=TIMESTAMP},
      </if>
      <if test="record.customerId != null" >
        customer_id = #{record.customerId,jdbcType=INTEGER},
      </if>
      <if test="record.petrolStationAndPetrolId != null" >
        petrol_station_and_petrol_id = #{record.petrolStationAndPetrolId,jdbcType=INTEGER},
      </if>
      <if test="record.amount != null" >
        amount = #{record.amount,jdbcType=DECIMAL},
      </if>
      <if test="record.photoAdd != null" >
        photo_add = #{record.photoAdd,jdbcType=VARCHAR},
      </if>
      <if test="record.audicStatus != null" >
        audic_status = #{record.audicStatus,jdbcType=BIT},
      </if>
      <if test="record.audicTime != null" >
        audic_time = #{record.audicTime,jdbcType=TIMESTAMP},
      </if>
      <if test="record.paymentStatus != null" >
        payment_status = #{record.paymentStatus,jdbcType=BIT},
      </if>
      <if test="record.paymentTime != null" >
        payment_time = #{record.paymentTime,jdbcType=TIMESTAMP},
      </if>
      <if test="record.petrolStationId != null" >
        petrol_station_id = #{record.petrolStationId,jdbcType=INTEGER},
      </if>
    </set>
    <if test="_parameter != null" >
      <include refid="Update_By_Example_Where_Clause" />
    </if>
  </update>
  <update id="updateByExample" parameterType="map" >
    update petrol_fill_record
    set id = #{record.id,jdbcType=INTEGER},
      creatime = #{record.creatime,jdbcType=TIMESTAMP},
      customer_id = #{record.customerId,jdbcType=INTEGER},
      petrol_station_and_petrol_id = #{record.petrolStationAndPetrolId,jdbcType=INTEGER},
      amount = #{record.amount,jdbcType=DECIMAL},
      photo_add = #{record.photoAdd,jdbcType=VARCHAR},
      audic_status = #{record.audicStatus,jdbcType=BIT},
      audic_time = #{record.audicTime,jdbcType=TIMESTAMP},
      payment_status = #{record.paymentStatus,jdbcType=BIT},
      payment_time = #{record.paymentTime,jdbcType=TIMESTAMP},
      petrol_station_id = #{record.petrolStationId,jdbcType=INTEGER}
    <if test="_parameter != null" >
      <include refid="Update_By_Example_Where_Clause" />
    </if>
  </update>
  <update id="updateByPrimaryKeySelective" parameterType="com.entity.PetrolFillRecord" >
    update petrol_fill_record
    <set >
      <if test="creatime != null" >
        creatime = #{creatime,jdbcType=TIMESTAMP},
      </if>
      <if test="customerId != null" >
        customer_id = #{customerId,jdbcType=INTEGER},
      </if>
      <if test="petrolStationAndPetrolId != null" >
        petrol_station_and_petrol_id = #{petrolStationAndPetrolId,jdbcType=INTEGER},
      </if>
      <if test="amount != null" >
        amount = #{amount,jdbcType=DECIMAL},
      </if>
      <if test="photoAdd != null" >
        photo_add = #{photoAdd,jdbcType=VARCHAR},
      </if>
      <if test="audicStatus != null" >
        audic_status = #{audicStatus,jdbcType=BIT},
      </if>
      <if test="audicTime != null" >
        audic_time = #{audicTime,jdbcType=TIMESTAMP},
      </if>
      <if test="paymentStatus != null" >
        payment_status = #{paymentStatus,jdbcType=BIT},
      </if>
      <if test="paymentTime != null" >
        payment_time = #{paymentTime,jdbcType=TIMESTAMP},
      </if>
      <if test="petrolStationId != null" >
        petrol_station_id = #{petrolStationId,jdbcType=INTEGER},
      </if>
    </set>
    where id = #{id,jdbcType=INTEGER}
  </update>
  <update id="updateByPrimaryKey" parameterType="com.entity.PetrolFillRecord" >
    update petrol_fill_record
    set creatime = #{creatime,jdbcType=TIMESTAMP},
      customer_id = #{customerId,jdbcType=INTEGER},
      petrol_station_and_petrol_id = #{petrolStationAndPetrolId,jdbcType=INTEGER},
      amount = #{amount,jdbcType=DECIMAL}
      photo_add = #{photoAdd,jdbcType=VARCHAR},
      audic_status = #{audicStatus,jdbcType=BIT},
      audic_time = #{audicTime,jdbcType=TIMESTAMP},
      payment_status = #{paymentStatus,jdbcType=BIT},
      payment_time = #{paymentTime,jdbcType=TIMESTAMP},
      petrol_station_id = #{petrolStationId,jdbcType=INTEGER}
    where id = #{id,jdbcType=INTEGER}
  </update>
  <select id="getAllPetrol" resultType="com.vo.PetrolFillRecordVo"  parameterType="com.vo.PetrolFillRecordVo">
  
   select f.id id,c.`real_name` realName,f.`amount` amount,c.`mobile` mobile,c.`id_card` idCard,s.`name` name,s.`address` address,f.`creatime` creatime,f.`payment_status` paymentStatus,f.audic_status audicStatus 
   FROM petrol_fill_record f 
    LEFT JOIN petrol_station s 
       ON f.`petrol_station_id`=s.`id`  
           LEFT JOIN customer c 
              ON f.`customer_id`=c.`id`
                 <where>
                   <if test="realName != null and realName!=''">
                     and c.real_name like '%${realName}%' 
                   </if>
                   <if test="address != null and address!=''">
                     and address like '%${address}%' 
                   </if>
                   <if test="name != null and name!=''">
                     and s.name like '%${name}%' 
                   </if>
                  
                 </where>
                     
  
  </select>
  <update id="getStatus" parameterType="com.entity.PetrolFillRecord">
    UPDATE petrol_fill_record SET audic_status=#{audicStatus} ,payment_status=#{paymentStatus} WHERE id=#{id}
  
  </update>
</mapper>