<?xml version="1.0" encoding="UTF-8" ?>
<!DOCTYPE mapper PUBLIC "-//mybatis.org//DTD Mapper 3.0//EN" "http://mybatis.org/dtd/mybatis-3-mapper.dtd" >
<mapper namespace="com.mapper.TrainMapper" >
  <resultMap id="BaseResultMap" type="com.entity.Train" >
    <id column="id" property="id" jdbcType="INTEGER" />
    <result column="creatime" property="creatime" jdbcType="TIMESTAMP" />
    <result column="title" property="title" jdbcType="VARCHAR" />
    <result column="author" property="author" jdbcType="VARCHAR" />
    <result column="count" property="count" jdbcType="INTEGER" />
    <result column="status" property="status" jdbcType="BIT" />
  </resultMap>
  <sql id="Example_Where_Clause" >
    <where >
      <foreach collection="oredCriteria" item="criteria" separator="or" >
        <if test="criteria.valid" >
          <trim prefix="(" suffix=")" prefixOverrides="and" >
            <foreach collection="criteria.criteria" item="criterion" >
              <choose >
                <when test="criterion.noValue" >
                  and ${criterion.condition}
                </when>
                <when test="criterion.singleValue" >
                  and ${criterion.condition} #{criterion.value}
                </when>
                <when test="criterion.betweenValue" >
                  and ${criterion.condition} #{criterion.value} and #{criterion.secondValue}
                </when>
                <when test="criterion.listValue" >
                  and ${criterion.condition}
                  <foreach collection="criterion.value" item="listItem" open="(" close=")" separator="," >
                    #{listItem}
                  </foreach>
                </when>
              </choose>
            </foreach>
          </trim>
        </if>
      </foreach>
    </where>
  </sql>
  <sql id="Update_By_Example_Where_Clause" >
    <where >
      <foreach collection="example.oredCriteria" item="criteria" separator="or" >
        <if test="criteria.valid" >
          <trim prefix="(" suffix=")" prefixOverrides="and" >
            <foreach collection="criteria.criteria" item="criterion" >
              <choose >
                <when test="criterion.noValue" >
                  and ${criterion.condition}
                </when>
                <when test="criterion.singleValue" >
                  and ${criterion.condition} #{criterion.value}
                </when>
                <when test="criterion.betweenValue" >
                  and ${criterion.condition} #{criterion.value} and #{criterion.secondValue}
                </when>
                <when test="criterion.listValue" >
                  and ${criterion.condition}
                  <foreach collection="criterion.value" item="listItem" open="(" close=")" separator="," >
                    #{listItem}
                  </foreach>
                </when>
              </choose>
            </foreach>
          </trim>
        </if>
      </foreach>
    </where>
  </sql>
  <sql id="Base_Column_List" >
    id, creatime, title, author, count, status
  </sql>
  <select id="selectByExample" resultMap="BaseResultMap" parameterType="com.entity.TrainExample" >
    select
    <if test="distinct" >
      distinct
    </if>
    <include refid="Base_Column_List" />
    from train
    <if test="_parameter != null" >
      <include refid="Example_Where_Clause" />
    </if>
    <if test="orderByClause != null" >
      order by ${orderByClause}
    </if>
  </select>
  <select id="selectByPrimaryKey" resultMap="BaseResultMap" parameterType="java.lang.Integer" >
    select 
    <include refid="Base_Column_List" />
    from train
    where id = #{id,jdbcType=INTEGER}
  </select>
  <delete id="deleteByPrimaryKey" parameterType="java.lang.Integer" >
    delete from train
    where id = #{id,jdbcType=INTEGER}
  </delete>
  <delete id="deleteByExample" parameterType="com.entity.TrainExample" >
    delete from train
    <if test="_parameter != null" >
      <include refid="Example_Where_Clause" />
    </if>
  </delete>
  <insert id="insert" parameterType="com.entity.Train" >
    insert into train (id, creatime, title, 
      author, count, status)
    values (#{id,jdbcType=INTEGER}, #{creatime,jdbcType=TIMESTAMP}, #{title,jdbcType=VARCHAR}, 
      #{author,jdbcType=VARCHAR}, #{count,jdbcType=INTEGER}, #{status,jdbcType=BIT})
  </insert>
  <insert id="insertSelective" parameterType="com.entity.Train" >
    insert into train
    <trim prefix="(" suffix=")" suffixOverrides="," >
      <if test="id != null" >
        id,
      </if>
      <if test="creatime != null" >
        creatime,
      </if>
      <if test="title != null" >
        title,
      </if>
      <if test="author != null" >
        author,
      </if>
      <if test="count != null" >
        count,
      </if>
      <if test="status != null" >
        status,
      </if>
    </trim>
    <trim prefix="values (" suffix=")" suffixOverrides="," >
      <if test="id != null" >
        #{id,jdbcType=INTEGER},
      </if>
      <if test="creatime != null" >
        #{creatime,jdbcType=TIMESTAMP},
      </if>
      <if test="title != null" >
        #{title,jdbcType=VARCHAR},
      </if>
      <if test="author != null" >
        #{author,jdbcType=VARCHAR},
      </if>
      <if test="count != null" >
        #{count,jdbcType=INTEGER},
      </if>
      <if test="status != null" >
        #{status,jdbcType=BIT},
      </if>
    </trim>
  </insert>
  <select id="countByExample" parameterType="com.entity.TrainExample" resultType="java.lang.Integer" >
    select count(*) from train
    <if test="_parameter != null" >
      <include refid="Example_Where_Clause" />
    </if>
  </select>
  <update id="updateByExampleSelective" parameterType="map" >
    update train
    <set >
      <if test="record.id != null" >
        id = #{record.id,jdbcType=INTEGER},
      </if>
      <if test="record.creatime != null" >
        creatime = #{record.creatime,jdbcType=TIMESTAMP},
      </if>
      <if test="record.title != null" >
        title = #{record.title,jdbcType=VARCHAR},
      </if>
      <if test="record.author != null" >
        author = #{record.author,jdbcType=VARCHAR},
      </if>
      <if test="record.count != null" >
        count = #{record.count,jdbcType=INTEGER},
      </if>
      <if test="record.status != null" >
        status = #{record.status,jdbcType=BIT},
      </if>
    </set>
    <if test="_parameter != null" >
      <include refid="Update_By_Example_Where_Clause" />
    </if>
  </update>
  <update id="updateByExample" parameterType="map" >
    update train
    set id = #{record.id,jdbcType=INTEGER},
      creatime = #{record.creatime,jdbcType=TIMESTAMP},
      title = #{record.title,jdbcType=VARCHAR},
      author = #{record.author,jdbcType=VARCHAR},
      count = #{record.count,jdbcType=INTEGER},
      status = #{record.status,jdbcType=BIT}
    <if test="_parameter != null" >
      <include refid="Update_By_Example_Where_Clause" />
    </if>
  </update>
  <update id="updateByPrimaryKeySelective" parameterType="com.entity.Train" >
    update train
    <set >
      <if test="creatime != null" >
        creatime = #{creatime,jdbcType=TIMESTAMP},
      </if>
      <if test="title != null" >
        title = #{title,jdbcType=VARCHAR},
      </if>
      <if test="author != null" >
        author = #{author,jdbcType=VARCHAR},
      </if>
      <if test="count != null" >
        count = #{count,jdbcType=INTEGER},
      </if>
      <if test="status != null" >
        status = #{status,jdbcType=BIT},
      </if>
    </set>
    where id = #{id,jdbcType=INTEGER}
  </update>
  <update id="updateByPrimaryKey" parameterType="com.entity.Train" >
    update train
    set creatime = #{creatime,jdbcType=TIMESTAMP},
      title = #{title,jdbcType=VARCHAR},
      author = #{author,jdbcType=VARCHAR},
      count = #{count,jdbcType=INTEGER},
      status = #{status,jdbcType=BIT}
    where id = #{id,jdbcType=INTEGER}
  </update>
 <update id="updateTrain" parameterType="com.entity.Train">
      
      UPDATE train SET STATUS=#{status} WHERE id=#{id}
   
   </update>
</mapper>